Order ID,Date,Region,Product,Category,Quantity,Price,Total
1001,2023-05-06,North,Keyboard,Accessories,3,40,120
1002,2023-12-20,West,Keyboard,Accessories,4,40,160
1003,2023-09-25,North,Keyboard,Accessories,1,40,40
1004,2023-07-21,South,Laptop,Electronics,3,800,2400
1005,2023-08-18,East,Notebook,Stationery,3,5,15
1006,2023-05-17,West,Laptop,Electronics,4,800,3200
1007,2023-05-23,North,Pen,Stationery,1,2,2
1008,2023-12-25,South,Monitor,Electronics,1,150,150
1009,2023-10-31,North,Desk Chair,Furniture,3,120,360
1010,2023-05-22,East,Keyboard,Accessories,2,40,80
1011,2023-10-21,East,Desk Chair,Furniture,3,120,360
1012,2023-11-21,East,Desk Lamp,Furniture,3,35,105
1013,2023-04-25,West,Keyboard,Accessories,3,40,120
1014,2023-10-29,South,Monitor,Electronics,3,150,450
1015,2023-05-16,North,Monitor,Electronics,4,150,600
1016,2023-04-09,East,Mouse,Accessories,1,25,25
1017,2023-02-01,South,Monitor,Electronics,4,150,600
1018,2023-07-16,East,Mouse,Accessories,4,25,100
1019,2023-11-22,West,Tablet,Electronics,4,300,1200
1020,2023-11-13,North,Pen,Stationery,3,2,6
1021,2023-07-23,East,Desk Lamp,Furniture,2,35,70
1022,2023-09-12,East,Keyboard,Accessories,1,40,40
1023,2023-03-17,North,Keyboard,Accessories,2,40,80
1024,2023-11-21,North,Desk Lamp,Furniture,4,35,140
1025,2023-03-21,East,Pen,Stationery,4,2,8
1026,2023-11-18,South,Desk Chair,Furniture,2,120,240
1027,2023-05-14,East,Monitor,Electronics,2,150,300
1028,2023-08-17,East,Tablet,Electronics,2,300,600
1029,2023-07-08,South,Keyboard,Accessories,4,40,160
1030,2023-10-28,East,Pen,Stationery,4,2,8
1031,2023-01-17,North,Keyboard,Accessories,1,40,40
1032,2023-12-13,East,Monitor,Electronics,1,150,150
1033,2023-06-08,South,Desk Chair,Furniture,4,120,480
1034,2023-06-14,West,Monitor,Electronics,2,150,300
1035,2023-04-15,South,Pen,Stationery,2,2,4
1036,2023-03-18,West,Tablet,Electronics,1,300,300
1037,2023-04-20,East,Tablet,Electronics,4,300,1200
1038,2023-09-05,East,Desk Lamp,Furniture,1,35,35
1039,2023-07-10,South,Smartphone,Electronics,1,600,600
1040,2023-11-21,East,Mouse,Accessories,3,25,75
1041,2023-01-19,West,Pen,Stationery,3,2,6
1042,2023-07-25,West,Keyboard,Accessories,3,40,120
1043,2023-04-18,North,Smartphone,Electronics,2,600,1200
1044,2023-06-10,South,Mouse,Accessories,4,25,100
1045,2023-07-28,West,Pen,Stationery,4,2,8
1046,2023-11-25,East,Smartphone,Electronics,4,600,2400
1047,2023-08-05,North,Mouse,Accessories,4,25,100
1048,2023-02-22,East,Laptop,Electronics,3,800,2400
1049,2023-05-12,East,Tablet,Electronics,2,300,600
1050,2023-02-26,South,Laptop,Electronics,2,800,1600
1051,2023-03-04,West,Mouse,Accessories,3,25,75
1052,2023-09-11,North,Notebook,Stationery,2,5,10
1053,2023-07-25,West,Mouse,Accessories,3,25,75
1054,2023-09-15,South,Mouse,Accessories,4,25,100
1055,2023-11-17,North,Keyboard,Accessories,3,40,120
1056,2023-09-20,West,Laptop,Electronics,4,800,3200
1057,2023-12-04,East,Mouse,Accessories,4,25,100
1058,2023-12-25,East,Keyboard,Accessories,1,40,40
1059,2023-11-22,South,Notebook,Stationery,3,5,15
1060,2023-04-12,East,Mouse,Accessories,1,25,25
1061,2023-08-30,South,Notebook,Stationery,3,5,15
1062,2023-10-22,West,Smartphone,Electronics,3,600,1800
1063,2023-07-21,West,Smartphone,Electronics,1,600,600
1064,2023-08-07,South,Mouse,Accessories,1,25,25
1065,2023-04-10,West,Monitor,Electronics,3,150,450
1066,2023-09-19,West,Keyboard,Accessories,2,40,80
1067,2023-07-03,North,Keyboard,Accessories,4,40,160
1068,2023-04-16,South,Pen,Stationery,1,2,2
1069,2023-11-14,West,Tablet,Electronics,4,300,1200
1070,2023-02-26,South,Desk Lamp,Furniture,2,35,70
1071,2023-01-01,West,Keyboard,Accessories,2,40,80
1072,2023-12-02,South,Desk Chair,Furniture,2,120,240
1073,2023-06-11,North,Smartphone,Electronics,1,600,600
1074,2023-10-07,East,Mouse,Accessories,2,25,50
1075,2023-02-18,South,Laptop,Electronics,1,800,800
1076,2023-09-29,East,Tablet,Electronics,2,300,600
1077,2023-08-01,North,Desk Lamp,Furniture,4,35,140
1078,2023-08-08,East,Laptop,Electronics,4,800,3200
1079,2023-12-16,South,Mouse,Accessories,3,25,75
1080,2023-04-12,West,Desk Chair,Furniture,4,120,480
1081,2023-12-26,West,Keyboard,Accessories,3,40,120
1082,2023-11-18,West,Notebook,Stationery,4,5,20
1083,2023-04-24,East,Mouse,Accessories,1,25,25
1084,2023-05-28,South,Tablet,Electronics,4,300,1200
1085,2023-08-26,North,Tablet,Electronics,3,300,900
1086,2023-04-18,South,Keyboard,Accessories,3,40,120
1087,2023-11-28,North,Notebook,Stationery,2,5,10
1088,2023-10-02,South,Notebook,Stationery,1,5,5
1089,2023-04-04,West,Desk Lamp,Furniture,4,35,140
1090,2023-11-14,North,Desk Chair,Furniture,2,120,240
1091,2023-09-08,West,Tablet,Electronics,4,300,1200
1092,2023-11-22,West,Keyboard,Accessories,4,40,160
1093,2023-12-03,West,Desk Chair,Furniture,2,120,240
1094,2023-09-22,North,Pen,Stationery,2,2,4
1095,2023-12-13,East,Desk Chair,Furniture,2,120,240
1096,2023-11-20,South,Keyboard,Accessories,2,40,80
1097,2023-12-22,North,Pen,Stationery,2,2,4
1098,2023-08-05,East,Keyboard,Accessories,4,40,160
1099,2023-10-16,South,Desk Chair,Furniture,2,120,240
1100,2023-07-25,East,Mouse,Accessories,1,25,25
1101,2023-03-19,South,Desk Chair,Furniture,3,120,360
1102,2023-03-10,South,Laptop,Electronics,2,800,1600
1103,2023-02-20,East,Desk Chair,Furniture,2,120,240
1104,2023-07-29,South,Laptop,Electronics,4,800,3200
1105,2023-08-12,North,Desk Lamp,Furniture,2,35,70
1106,2023-10-24,South,Keyboard,Accessories,2,40,80
1107,2023-10-03,East,Mouse,Accessories,2,25,50
1108,2023-07-28,South,Desk Lamp,Furniture,4,35,140
1109,2023-07-24,East,Monitor,Electronics,2,150,300
1110,2023-03-12,West,Smartphone,Electronics,3,600,1800
1111,2023-10-04,West,Monitor,Electronics,4,150,600
1112,2023-02-23,North,Laptop,Electronics,3,800,2400
1113,2023-06-19,West,Pen,Stationery,4,2,8
1114,2023-12-14,East,Laptop,Electronics,2,800,1600
1115,2023-06-10,South,Keyboard,Accessories,3,40,120
1116,2023-03-28,East,Keyboard,Accessories,4,40,160
1117,2023-09-30,South,Laptop,Electronics,1,800,800
1118,2023-01-13,South,Desk Lamp,Furniture,2,35,70
1119,2023-11-08,East,Desk Chair,Furniture,4,120,480
1120,2023-07-01,North,Keyboard,Accessories,1,40,40
1121,2023-08-30,South,Notebook,Stationery,4,5,20
1122,2023-06-21,East,Tablet,Electronics,1,300,300
1123,2023-09-08,West,Desk Lamp,Furniture,2,35,70
1124,2023-05-14,West,Tablet,Electronics,3,300,900
1125,2023-03-29,North,Smartphone,Electronics,1,600,600
1126,2023-08-01,North,Tablet,Electronics,4,300,1200
1127,2023-10-13,South,Desk Lamp,Furniture,2,35,70
1128,2023-05-04,North,Laptop,Electronics,1,800,800
1129,2023-11-16,East,Desk Chair,Furniture,4,120,480
1130,2023-07-30,South,Pen,Stationery,4,2,8
1131,2023-02-03,West,Keyboard,Accessories,4,40,160
1132,2023-05-26,North,Pen,Stationery,1,2,2
1133,2023-07-23,South,Laptop,Electronics,1,800,800
1134,2023-12-09,North,Keyboard,Accessories,1,40,40
1135,2023-07-03,South,Mouse,Accessories,3,25,75
1136,2023-09-24,East,Desk Chair,Furniture,1,120,120
1137,2023-07-29,East,Desk Lamp,Furniture,1,35,35
1138,2023-07-12,North,Notebook,Stationery,1,5,5
1139,2023-09-23,South,Mouse,Accessories,3,25,75
1140,2023-12-12,North,Notebook,Stationery,1,5,5
1141,2023-10-12,South,Tablet,Electronics,4,300,1200
1142,2023-09-12,South,Tablet,Electronics,1,300,300
1143,2023-04-06,East,Monitor,Electronics,4,150,600
1144,2023-08-21,West,Tablet,Electronics,4,300,1200
1145,2023-06-20,East,Monitor,Electronics,4,150,600
1146,2023-02-11,North,Keyboard,Accessories,3,40,120
1147,2023-11-03,East,Notebook,Stationery,3,5,15
1148,2023-08-20,South,Desk Chair,Furniture,3,120,360
1149,2023-08-20,East,Mouse,Accessories,1,25,25
1150,2023-03-17,East,Mouse,Accessories,4,25,100
1151,2023-04-15,South,Mouse,Accessories,3,25,75
1152,2023-10-19,South,Desk Chair,Furniture,3,120,360
1153,2023-11-07,South,Smartphone,Electronics,1,600,600
1154,2023-08-12,South,Keyboard,Accessories,3,40,120
1155,2023-01-13,South,Monitor,Electronics,1,150,150
1156,2023-02-05,West,Tablet,Electronics,2,300,600
1157,2023-07-31,East,Pen,Stationery,3,2,6
1158,2023-09-25,South,Monitor,Electronics,2,150,300
1159,2023-10-01,South,Laptop,Electronics,1,800,800
1160,2023-12-24,North,Mouse,Accessories,4,25,100
1161,2023-12-05,South,Keyboard,Accessories,3,40,120
1162,2023-10-13,East,Tablet,Electronics,1,300,300
1163,2023-12-07,East,Tablet,Electronics,4,300,1200
1164,2023-02-05,West,Mouse,Accessories,4,25,100
1165,2023-02-19,North,Laptop,Electronics,2,800,1600
1166,2023-03-23,North,Notebook,Stationery,1,5,5
1167,2023-11-23,South,Pen,Stationery,4,2,8
1168,2023-08-07,South,Tablet,Electronics,3,300,900
1169,2023-07-02,North,Tablet,Electronics,3,300,900
1170,2023-11-18,West,Laptop,Electronics,2,800,1600
1171,2023-11-02,West,Desk Lamp,Furniture,4,35,140
1172,2023-07-31,West,Tablet,Electronics,1,300,300
1173,2023-09-09,North,Pen,Stationery,3,2,6
1174,2023-01-15,North,Tablet,Electronics,4,300,1200
1175,2023-06-04,West,Laptop,Electronics,4,800,3200
1176,2023-05-23,West,Tablet,Electronics,2,300,600
1177,2023-11-17,North,Tablet,Electronics,3,300,900
1178,2023-02-05,North,Pen,Stationery,3,2,6
1179,2023-12-05,North,Mouse,Accessories,1,25,25
1180,2023-12-20,East,Keyboard,Accessories,3,40,120
1181,2023-03-06,West,Tablet,Electronics,1,300,300
1182,2023-10-22,West,Desk Lamp,Furniture,3,35,105
1183,2023-02-03,East,Mouse,Accessories,2,25,50
1184,2023-07-14,North,Laptop,Electronics,3,800,2400
1185,2023-02-02,West,Desk Lamp,Furniture,1,35,35
1186,2023-06-03,West,Keyboard,Accessories,1,40,40
1187,2023-04-07,East,Pen,Stationery,2,2,4
1188,2023-04-21,South,Monitor,Electronics,3,150,450
1189,2023-06-30,North,Tablet,Electronics,3,300,900
1190,2023-05-22,South,Monitor,Electronics,2,150,300
1191,2023-03-06,South,Tablet,Electronics,3,300,900
1192,2023-07-08,North,Tablet,Electronics,3,300,900
1193,2023-06-11,West,Desk Chair,Furniture,1,120,120
1194,2023-08-01,East,Laptop,Electronics,3,800,2400
1195,2023-08-01,North,Desk Chair,Furniture,3,120,360
1196,2023-07-20,South,Smartphone,Electronics,2,600,1200
1197,2023-07-24,West,Desk Lamp,Furniture,2,35,70
1198,2023-05-25,East,Smartphone,Electronics,4,600,2400
1199,2023-11-29,North,Pen,Stationery,1,2,2
1200,2023-10-01,East,Smartphone,Electronics,3,600,1800
1201,2023-11-21,North,Monitor,Electronics,3,150,450
1202,2023-10-10,South,Monitor,Electronics,4,150,600
1203,2023-06-29,South,Monitor,Electronics,3,150,450
1204,2023-09-19,South,Keyboard,Accessories,1,40,40
1205,2023-09-09,South,Notebook,Stationery,4,5,20
1206,2023-05-27,South,Desk Lamp,Furniture,1,35,35
1207,2023-05-19,West,Keyboard,Accessories,4,40,160
1208,2023-07-22,North,Mouse,Accessories,4,25,100
1209,2023-08-13,South,Notebook,Stationery,2,5,10
1210,2023-02-24,North,Smartphone,Electronics,1,600,600
1211,2023-11-18,South,Mouse,Accessories,3,25,75
1212,2023-07-15,East,Keyboard,Accessories,3,40,120
1213,2023-03-28,West,Notebook,Stationery,1,5,5
1214,2023-03-21,North,Laptop,Electronics,3,800,2400
1215,2023-06-10,North,Pen,Stationery,3,2,6
1216,2023-12-18,East,Notebook,Stationery,1,5,5
1217,2023-06-20,North,Desk Lamp,Furniture,4,35,140
1218,2023-10-11,East,Monitor,Electronics,1,150,150
1219,2023-01-23,North,Tablet,Electronics,4,300,1200
1220,2023-10-27,North,Desk Lamp,Furniture,3,35,105
1221,2023-02-17,South,Keyboard,Accessories,3,40,120
1222,2023-11-16,West,Pen,Stationery,3,2,6
1223,2023-09-15,North,Desk Lamp,Furniture,2,35,70
1224,2023-02-19,West,Keyboard,Accessories,4,40,160
1225,2023-05-22,West,Tablet,Electronics,2,300,600
1226,2023-04-13,North,Smartphone,Electronics,2,600,1200
1227,2023-03-24,West,Mouse,Accessories,1,25,25
1228,2023-12-29,East,Laptop,Electronics,2,800,1600
1229,2023-04-13,South,Notebook,Stationery,1,5,5
1230,2023-10-01,West,Smartphone,Electronics,1,600,600
1231,2023-05-09,East,Tablet,Electronics,2,300,600
1232,2023-05-26,North,Desk Lamp,Furniture,4,35,140
1233,2023-01-11,North,Monitor,Electronics,4,150,600
1234,2023-04-04,South,Notebook,Stationery,4,5,20
1235,2023-08-11,North,Notebook,Stationery,4,5,20
1236,2023-09-11,North,Mouse,Accessories,4,25,100
1237,2023-12-29,East,Keyboard,Accessories,2,40,80
1238,2023-03-25,East,Tablet,Electronics,2,300,600
1239,2023-08-17,South,Pen,Stationery,3,2,6
1240,2023-08-06,North,Monitor,Electronics,4,150,600
1241,2023-09-06,West,Desk Chair,Furniture,2,120,240
1242,2023-11-27,West,Mouse,Accessories,3,25,75
1243,2023-03-06,West,Smartphone,Electronics,4,600,2400
1244,2023-03-29,North,Mouse,Accessories,1,25,25
1245,2023-02-15,West,Desk Lamp,Furniture,3,35,105
1246,2023-08-15,South,Keyboard,Accessories,2,40,80
1247,2023-10-03,East,Monitor,Electronics,1,150,150
1248,2023-10-26,East,Notebook,Stationery,1,5,5
1249,2023-07-29,North,Desk Lamp,Furniture,1,35,35
1250,2023-07-29,North,Mouse,Accessories,3,25,75
1251,2023-02-28,West,Mouse,Accessories,2,25,50
1252,2023-03-12,South,Laptop,Electronics,1,800,800
1253,2023-09-20,North,Monitor,Electronics,4,150,600
1254,2023-06-30,South,Keyboard,Accessories,1,40,40
1255,2023-04-23,East,Monitor,Electronics,1,150,150
1256,2023-04-06,West,Desk Lamp,Furniture,3,35,105
1257,2023-06-27,East,Pen,Stationery,3,2,6
1258,2023-10-06,North,Monitor,Electronics,2,150,300
1259,2023-06-04,West,Desk Lamp,Furniture,4,35,140
1260,2023-11-06,North,Keyboard,Accessories,3,40,120
1261,2023-12-26,East,Desk Lamp,Furniture,1,35,35
1262,2023-05-18,South,Laptop,Electronics,2,800,1600
1263,2023-04-24,North,Monitor,Electronics,1,150,150
1264,2023-09-12,East,Keyboard,Accessories,1,40,40
1265,2023-03-27,North,Mouse,Accessories,3,25,75
1266,2023-06-01,South,Tablet,Electronics,2,300,600
1267,2023-08-22,North,Desk Chair,Furniture,4,120,480
1268,2023-05-20,North,Smartphone,Electronics,4,600,2400
1269,2023-08-10,West,Desk Lamp,Furniture,3,35,105
1270,2023-01-16,South,Smartphone,Electronics,3,600,1800
1271,2023-01-24,West,Tablet,Electronics,2,300,600
1272,2023-04-04,North,Monitor,Electronics,4,150,600
1273,2023-03-01,South,Smartphone,Electronics,4,600,2400
1274,2023-03-25,East,Mouse,Accessories,4,25,100
1275,2023-12-08,North,Laptop,Electronics,1,800,800
1276,2023-04-19,South,Tablet,Electronics,4,300,1200
1277,2023-07-02,West,Tablet,Electronics,1,300,300
1278,2023-10-08,North,Laptop,Electronics,2,800,1600
1279,2023-01-25,West,Laptop,Electronics,1,800,800
1280,2023-10-22,North,Desk Chair,Furniture,2,120,240
1281,2023-06-02,South,Desk Lamp,Furniture,4,35,140
1282,2023-10-12,South,Laptop,Electronics,4,800,3200
1283,2023-01-10,South,Desk Lamp,Furniture,2,35,70
1284,2023-11-17,West,Mouse,Accessories,3,25,75
1285,2023-12-30,North,Keyboard,Accessories,2,40,80
1286,2023-07-19,West,Pen,Stationery,3,2,6
1287,2023-11-03,South,Desk Chair,Furniture,1,120,120
1288,2023-02-08,North,Monitor,Electronics,1,150,150
1289,2023-08-13,North,Desk Lamp,Furniture,1,35,35
1290,2023-09-27,North,Desk Lamp,Furniture,4,35,140
1291,2023-06-18,East,Laptop,Electronics,1,800,800
1292,2023-10-11,West,Desk Chair,Furniture,3,120,360
1293,2023-11-12,West,Desk Chair,Furniture,1,120,120
1294,2023-01-03,South,Smartphone,Electronics,2,600,1200
1295,2023-08-11,South,Laptop,Electronics,2,800,1600
1296,2023-09-19,South,Mouse,Accessories,4,25,100
1297,2023-10-08,North,Desk Chair,Furniture,2,120,240
1298,2023-04-08,West,Smartphone,Electronics,3,600,1800
1299,2023-10-23,West,Keyboard,Accessories,1,40,40
1300,2023-05-17,West,Pen,Stationery,4,2,8
1301,2023-12-08,South,Tablet,Electronics,1,300,300
1302,2023-01-31,North,Notebook,Stationery,1,5,5
1303,2023-11-21,West,Desk Lamp,Furniture,3,35,105
1304,2023-05-22,South,Keyboard,Accessories,2,40,80
1305,2023-03-09,East,Smartphone,Electronics,2,600,1200
1306,2023-08-02,East,Smartphone,Electronics,1,600,600
1307,2023-03-14,East,Monitor,Electronics,4,150,600
1308,2023-01-24,North,Laptop,Electronics,2,800,1600
1309,2023-12-23,South,Desk Chair,Furniture,4,120,480
1310,2023-12-06,West,Laptop,Electronics,2,800,1600
1311,2023-11-05,East,Desk Chair,Furniture,4,120,480
1312,2023-03-22,North,Smartphone,Electronics,3,600,1800
1313,2023-04-12,West,Smartphone,Electronics,4,600,2400
1314,2023-04-11,West,Desk Lamp,Furniture,3,35,105
1315,2023-01-07,South,Mouse,Accessories,3,25,75
1316,2023-11-21,East,Notebook,Stationery,4,5,20
1317,2023-01-04,East,Mouse,Accessories,3,25,75
1318,2023-05-29,South,Keyboard,Accessories,1,40,40
1319,2023-09-07,South,Pen,Stationery,3,2,6
1320,2023-04-23,South,Pen,Stationery,2,2,4
1321,2023-04-20,East,Pen,Stationery,4,2,8
1322,2023-05-19,North,Tablet,Electronics,1,300,300
1323,2023-02-11,East,Smartphone,Electronics,4,600,2400
1324,2023-03-25,North,Monitor,Electronics,2,150,300
1325,2023-04-26,South,Notebook,Stationery,2,5,10
1326,2023-11-02,South,Desk Chair,Furniture,2,120,240
1327,2023-04-14,North,Smartphone,Electronics,3,600,1800
1328,2023-12-26,South,Desk Lamp,Furniture,3,35,105
1329,2023-12-25,West,Notebook,Stationery,4,5,20
1330,2023-03-12,West,Desk Chair,Furniture,4,120,480
1331,2023-12-29,South,Pen,Stationery,1,2,2
1332,2023-01-13,East,Keyboard,Accessories,1,40,40
1333,2023-04-04,South,Pen,Stationery,4,2,8
1334,2023-01-07,South,Smartphone,Electronics,3,600,1800
1335,2023-07-21,East,Desk Chair,Furniture,2,120,240
1336,2023-12-04,South,Mouse,Accessories,4,25,100
1337,2023-07-26,North,Laptop,Electronics,1,800,800
1338,2023-01-22,South,Notebook,Stationery,3,5,15
1339,2023-08-04,West,Laptop,Electronics,4,800,3200
1340,2023-10-10,North,Smartphone,Electronics,4,600,2400
1341,2023-09-13,South,Laptop,Electronics,3,800,2400
1342,2023-07-16,East,Desk Chair,Furniture,4,120,480
1343,2023-02-17,East,Keyboard,Accessories,3,40,120
1344,2023-06-15,East,Pen,Stationery,2,2,4
1345,2023-12-16,South,Monitor,Electronics,3,150,450
1346,2023-05-13,South,Mouse,Accessories,3,25,75
1347,2023-10-28,South,Notebook,Stationery,3,5,15
1348,2023-12-31,South,Mouse,Accessories,4,25,100
1349,2023-04-22,North,Notebook,Stationery,4,5,20
1350,2023-04-23,East,Notebook,Stationery,3,5,15
1351,2023-09-29,North,Keyboard,Accessories,4,40,160
1352,2023-12-01,East,Monitor,Electronics,1,150,150
1353,2023-07-06,South,Pen,Stationery,1,2,2
1354,2023-05-17,West,Smartphone,Electronics,4,600,2400
1355,2023-01-22,West,Keyboard,Accessories,4,40,160
1356,2023-06-12,North,Laptop,Electronics,3,800,2400
1357,2023-04-21,South,Mouse,Accessories,2,25,50
1358,2023-03-21,West,Notebook,Stationery,4,5,20
1359,2023-11-09,North,Mouse,Accessories,1,25,25
1360,2023-03-04,North,Keyboard,Accessories,3,40,120
1361,2023-02-12,West,Keyboard,Accessories,4,40,160
1362,2023-01-27,South,Laptop,Electronics,1,800,800
1363,2023-04-29,West,Desk Chair,Furniture,1,120,120
1364,2023-11-07,South,Monitor,Electronics,2,150,300
1365,2023-03-13,South,Mouse,Accessories,3,25,75
1366,2023-04-06,South,Monitor,Electronics,3,150,450
1367,2023-02-17,North,Desk Lamp,Furniture,2,35,70
1368,2023-01-09,East,Laptop,Electronics,2,800,1600
1369,2023-10-30,East,Notebook,Stationery,3,5,15
1370,2023-08-25,South,Notebook,Stationery,3,5,15
1371,2023-08-26,North,Laptop,Electronics,4,800,3200
1372,2023-07-18,North,Tablet,Electronics,4,300,1200
1373,2023-09-25,North,Pen,Stationery,2,2,4
1374,2023-02-27,North,Tablet,Electronics,4,300,1200
1375,2023-10-08,South,Smartphone,Electronics,1,600,600
1376,2023-10-10,West,Laptop,Electronics,4,800,3200
1377,2023-12-03,West,Notebook,Stationery,4,5,20
1378,2023-03-26,West,Keyboard,Accessories,1,40,40
1379,2023-10-17,North,Smartphone,Electronics,2,600,1200
1380,2023-04-16,East,Mouse,Accessories,1,25,25
1381,2023-11-01,West,Monitor,Electronics,4,150,600
1382,2023-02-01,North,Notebook,Stationery,2,5,10
1383,2023-02-15,East,Desk Lamp,Furniture,4,35,140
1384,2023-06-10,East,Keyboard,Accessories,1,40,40
1385,2023-02-05,East,Pen,Stationery,1,2,2
1386,2023-07-02,West,Monitor,Electronics,4,150,600
1387,2023-03-26,South,Pen,Stationery,3,2,6
1388,2023-06-13,North,Notebook,Stationery,3,5,15
1389,2023-04-26,North,Mouse,Accessories,1,25,25
1390,2023-10-13,East,Notebook,Stationery,1,5,5
1391,2023-05-12,West,Pen,Stationery,3,2,6
1392,2023-10-23,South,Desk Lamp,Furniture,3,35,105
1393,2023-07-18,East,Pen,Stationery,4,2,8
1394,2023-11-12,North,Mouse,Accessories,4,25,100
1395,2023-10-19,West,Desk Lamp,Furniture,3,35,105
1396,2023-09-13,West,Monitor,Electronics,4,150,600
1397,2023-07-29,East,Mouse,Accessories,4,25,100
1398,2023-09-11,South,Desk Lamp,Furniture,2,35,70
1399,2023-12-13,East,Desk Chair,Furniture,4,120,480
1400,2023-09-22,East,Notebook,Stationery,1,5,5
1401,2023-08-08,North,Tablet,Electronics,4,300,1200
1402,2023-08-28,West,Mouse,Accessories,4,25,100
1403,2023-11-28,West,Keyboard,Accessories,3,40,120
1404,2023-03-13,West,Monitor,Electronics,1,150,150
1405,2023-01-05,West,Monitor,Electronics,4,150,600
1406,2023-06-26,West,Keyboard,Accessories,4,40,160
1407,2023-10-04,West,Notebook,Stationery,2,5,10
1408,2023-03-05,North,Desk Lamp,Furniture,4,35,140
1409,2023-09-19,North,Keyboard,Accessories,4,40,160
1410,2023-02-02,East,Pen,Stationery,2,2,4
1411,2023-11-28,East,Desk Lamp,Furniture,3,35,105
1412,2023-10-12,East,Pen,Stationery,4,2,8
1413,2023-02-01,North,Notebook,Stationery,2,5,10
1414,2023-05-25,West,Notebook,Stationery,1,5,5
1415,2023-06-08,East,Notebook,Stationery,3,5,15
1416,2023-03-27,South,Monitor,Electronics,1,150,150
1417,2023-01-30,East,Desk Chair,Furniture,1,120,120
1418,2023-12-28,South,Desk Lamp,Furniture,2,35,70
1419,2023-06-03,North,Laptop,Electronics,4,800,3200
1420,2023-06-30,North,Desk Chair,Furniture,2,120,240
1421,2023-02-04,West,Pen,Stationery,2,2,4
1422,2023-09-08,North,Pen,Stationery,2,2,4
1423,2023-02-06,West,Keyboard,Accessories,2,40,80
1424,2023-10-15,West,Desk Chair,Furniture,3,120,360
1425,2023-12-23,East,Laptop,Electronics,4,800,3200
1426,2023-04-16,East,Pen,Stationery,1,2,2
1427,2023-10-23,South,Desk Chair,Furniture,1,120,120
1428,2023-05-21,South,Smartphone,Electronics,4,600,2400
1429,2023-10-17,North,Laptop,Electronics,1,800,800
1430,2023-02-03,South,Notebook,Stationery,4,5,20
1431,2023-07-18,North,Mouse,Accessories,1,25,25
1432,2023-08-27,North,Laptop,Electronics,2,800,1600
1433,2023-04-15,South,Tablet,Electronics,1,300,300
1434,2023-06-22,South,Smartphone,Electronics,4,600,2400
1435,2023-06-20,West,Desk Lamp,Furniture,4,35,140
1436,2023-07-29,East,Monitor,Electronics,4,150,600
1437,2023-09-13,East,Desk Lamp,Furniture,4,35,140
1438,2023-11-29,South,Tablet,Electronics,4,300,1200
1439,2023-06-14,East,Laptop,Electronics,3,800,2400
1440,2023-12-25,West,Desk Chair,Furniture,3,120,360
1441,2023-05-29,East,Notebook,Stationery,1,5,5
1442,2023-07-30,South,Monitor,Electronics,4,150,600
1443,2023-01-09,West,Laptop,Electronics,1,800,800
1444,2023-04-27,South,Tablet,Electronics,4,300,1200
1445,2023-01-16,East,Smartphone,Electronics,4,600,2400
1446,2023-10-29,East,Keyboard,Accessories,3,40,120
1447,2023-07-29,North,Pen,Stationery,3,2,6
1448,2023-04-26,East,Mouse,Accessories,2,25,50
1449,2023-09-24,South,Desk Chair,Furniture,3,120,360
1450,2023-01-05,East,Monitor,Electronics,2,150,300
1451,2023-11-27,West,Smartphone,Electronics,2,600,1200
1452,2023-08-11,North,Desk Lamp,Furniture,2,35,70
1453,2023-10-26,North,Desk Lamp,Furniture,2,35,70
1454,2023-07-28,South,Laptop,Electronics,2,800,1600
1455,2023-08-15,West,Pen,Stationery,1,2,2
1456,2023-07-02,North,Notebook,Stationery,3,5,15
1457,2023-06-22,South,Mouse,Accessories,2,25,50
1458,2023-03-07,West,Mouse,Accessories,4,25,100
1459,2023-08-31,West,Laptop,Electronics,3,800,2400
1460,2023-03-27,North,Smartphone,Electronics,3,600,1800
1461,2023-08-25,North,Keyboard,Accessories,2,40,80
1462,2023-05-01,North,Tablet,Electronics,1,300,300
1463,2023-01-14,South,Monitor,Electronics,2,150,300
1464,2023-04-09,North,Keyboard,Accessories,1,40,40
1465,2023-03-21,West,Notebook,Stationery,4,5,20
1466,2023-05-08,East,Keyboard,Accessories,3,40,120
1467,2023-02-23,North,Keyboard,Accessories,4,40,160
1468,2023-08-19,North,Mouse,Accessories,1,25,25
1469,2023-09-18,East,Monitor,Electronics,1,150,150
1470,2023-10-09,North,Desk Lamp,Furniture,4,35,140
1471,2023-02-03,West,Laptop,Electronics,1,800,800
1472,2023-07-30,South,Notebook,Stationery,4,5,20
1473,2023-03-19,South,Notebook,Stationery,3,5,15
1474,2023-09-26,North,Mouse,Accessories,4,25,100
1475,2023-01-09,North,Keyboard,Accessories,3,40,120
1476,2023-10-30,West,Monitor,Electronics,4,150,600
1477,2023-11-22,South,Laptop,Electronics,1,800,800
1478,2023-11-01,South,Keyboard,Accessories,4,40,160
1479,2023-09-26,West,Desk Lamp,Furniture,1,35,35
1480,2023-01-13,West,Tablet,Electronics,4,300,1200
1481,2023-05-03,North,Pen,Stationery,4,2,8
1482,2023-04-17,South,Tablet,Electronics,2,300,600
1483,2023-07-30,East,Monitor,Electronics,1,150,150
1484,2023-07-03,North,Desk Chair,Furniture,2,120,240
1485,2023-06-16,West,Smartphone,Electronics,1,600,600
1486,2023-01-01,East,Pen,Stationery,2,2,4
1487,2023-04-08,North,Laptop,Electronics,3,800,2400
1488,2023-06-09,West,Mouse,Accessories,4,25,100
1489,2023-08-21,East,Laptop,Electronics,1,800,800
1490,2023-06-04,South,Desk Lamp,Furniture,1,35,35
1491,2023-04-06,East,Desk Chair,Furniture,4,120,480
1492,2023-07-31,East,Mouse,Accessories,1,25,25
1493,2023-06-21,North,Desk Chair,Furniture,1,120,120
1494,2023-04-12,West,Mouse,Accessories,2,25,50
1495,2023-09-10,North,Notebook,Stationery,1,5,5
1496,2023-06-09,West,Mouse,Accessories,3,25,75
1497,2023-07-22,North,Tablet,Electronics,3,300,900
1498,2023-02-21,East,Keyboard,Accessories,4,40,160
1499,2023-04-16,South,Laptop,Electronics,1,800,800
1500,2023-03-30,South,Desk Chair,Furniture,4,120,480
1501,2023-11-20,South,Laptop,Electronics,3,800,2400
1502,2023-04-04,North,Keyboard,Accessories,1,40,40
1503,2023-05-06,East,Pen,Stationery,1,2,2
1504,2023-12-19,East,Tablet,Electronics,4,300,1200
1505,2023-02-23,North,Smartphone,Electronics,3,600,1800
1506,2023-11-07,West,Desk Lamp,Furniture,1,35,35
1507,2023-04-18,South,Desk Lamp,Furniture,4,35,140
1508,2023-12-17,North,Notebook,Stationery,3,5,15
1509,2023-10-16,East,Monitor,Electronics,4,150,600
1510,2023-08-19,North,Smartphone,Electronics,2,600,1200
1511,2023-07-27,North,Mouse,Accessories,1,25,25
1512,2023-08-30,North,Notebook,Stationery,2,5,10
1513,2023-10-09,South,Desk Lamp,Furniture,3,35,105
1514,2023-05-19,South,Tablet,Electronics,2,300,600
1515,2023-01-24,South,Monitor,Electronics,2,150,300
1516,2023-01-06,East,Desk Lamp,Furniture,3,35,105
1517,2023-03-29,East,Desk Chair,Furniture,4,120,480
1518,2023-09-01,South,Desk Lamp,Furniture,2,35,70
1519,2023-07-13,South,Pen,Stationery,4,2,8
1520,2023-06-04,South,Keyboard,Accessories,2,40,80
1521,2023-04-19,North,Laptop,Electronics,4,800,3200
1522,2023-11-26,West,Keyboard,Accessories,3,40,120
1523,2023-03-12,South,Desk Chair,Furniture,2,120,240
1524,2023-07-10,South,Monitor,Electronics,3,150,450
1525,2023-05-30,East,Keyboard,Accessories,2,40,80
1526,2023-08-15,South,Desk Chair,Furniture,3,120,360
1527,2023-09-18,West,Pen,Stationery,3,2,6
1528,2023-06-01,West,Mouse,Accessories,2,25,50
1529,2023-01-20,South,Monitor,Electronics,2,150,300
1530,2023-08-10,North,Tablet,Electronics,2,300,600
1531,2023-06-11,West,Mouse,Accessories,1,25,25
1532,2023-06-23,West,Desk Chair,Furniture,4,120,480
1533,2023-04-11,North,Desk Lamp,Furniture,1,35,35
1534,2023-06-27,South,Desk Chair,Furniture,1,120,120
1535,2023-12-11,North,Tablet,Electronics,3,300,900
1536,2023-07-05,North,Desk Chair,Furniture,2,120,240
1537,2023-04-20,North,Monitor,Electronics,4,150,600
1538,2023-11-13,North,Pen,Stationery,3,2,6
1539,2023-10-30,West,Laptop,Electronics,1,800,800
1540,2023-12-30,West,Desk Chair,Furniture,2,120,240
1541,2023-07-30,East,Monitor,Electronics,3,150,450
1542,2023-08-19,East,Tablet,Electronics,2,300,600
1543,2023-05-10,West,Smartphone,Electronics,3,600,1800
1544,2023-10-09,South,Pen,Stationery,2,2,4
1545,2023-08-28,South,Desk Lamp,Furniture,1,35,35
1546,2023-05-14,South,Mouse,Accessories,4,25,100
1547,2023-09-02,North,Mouse,Accessories,1,25,25
1548,2023-08-17,East,Keyboard,Accessories,4,40,160
1549,2023-11-02,West,Pen,Stationery,2,2,4
1550,2023-05-31,South,Monitor,Electronics,3,150,450
1551,2023-02-06,North,Notebook,Stationery,1,5,5
1552,2023-02-11,North,Mouse,Accessories,4,25,100
1553,2023-06-30,East,Mouse,Accessories,1,25,25
1554,2023-01-16,South,Tablet,Electronics,4,300,1200
1555,2023-12-01,South,Mouse,Accessories,1,25,25
1556,2023-09-23,North,Mouse,Accessories,4,25,100
1557,2023-11-24,North,Desk Lamp,Furniture,4,35,140
1558,2023-06-18,East,Notebook,Stationery,2,5,10
1559,2023-04-28,West,Mouse,Accessories,4,25,100
1560,2023-04-07,North,Keyboard,Accessories,2,40,80
1561,2023-08-14,South,Smartphone,Electronics,4,600,2400
1562,2023-04-12,West,Notebook,Stationery,3,5,15
1563,2023-06-25,North,Desk Chair,Furniture,3,120,360
1564,2023-03-24,North,Notebook,Stationery,3,5,15
1565,2023-11-30,North,Monitor,Electronics,4,150,600
1566,2023-10-22,East,Notebook,Stationery,2,5,10
1567,2023-01-23,West,Smartphone,Electronics,2,600,1200
1568,2023-01-31,North,Pen,Stationery,4,2,8
1569,2023-07-25,West,Desk Lamp,Furniture,3,35,105
1570,2023-02-01,North,Monitor,Electronics,3,150,450
1571,2023-01-24,West,Tablet,Electronics,2,300,600
1572,2023-09-23,West,Keyboard,Accessories,3,40,120
1573,2023-06-27,North,Desk Lamp,Furniture,1,35,35
1574,2023-12-29,West,Pen,Stationery,2,2,4
1575,2023-10-13,West,Monitor,Electronics,3,150,450
1576,2023-03-15,West,Desk Chair,Furniture,2,120,240
1577,2023-08-17,North,Desk Lamp,Furniture,1,35,35
1578,2023-06-17,North,Smartphone,Electronics,2,600,1200
1579,2023-02-02,East,Mouse,Accessories,2,25,50
1580,2023-10-20,South,Smartphone,Electronics,2,600,1200
1581,2023-04-30,South,Pen,Stationery,2,2,4
1582,2023-12-28,West,Mouse,Accessories,1,25,25
1583,2023-06-17,North,Laptop,Electronics,4,800,3200
1584,2023-04-10,East,Mouse,Accessories,2,25,50
1585,2023-11-03,West,Monitor,Electronics,2,150,300
1586,2023-06-09,East,Tablet,Electronics,3,300,900
1587,2023-03-02,South,Keyboard,Accessories,2,40,80
1588,2023-11-04,North,Notebook,Stationery,3,5,15
1589,2023-09-16,East,Tablet,Electronics,4,300,1200
1590,2023-07-27,East,Notebook,Stationery,1,5,5
1591,2023-11-29,West,Desk Lamp,Furniture,1,35,35
1592,2023-09-01,East,Notebook,Stationery,4,5,20
1593,2023-11-04,North,Keyboard,Accessories,1,40,40
1594,2023-11-18,East,Keyboard,Accessories,4,40,160
1595,2023-08-03,West,Smartphone,Electronics,4,600,2400
1596,2023-12-22,North,Keyboard,Accessories,4,40,160
1597,2023-02-26,North,Mouse,Accessories,1,25,25
1598,2023-04-27,North,Notebook,Stationery,3,5,15
1599,2023-05-05,West,Smartphone,Electronics,4,600,2400
1600,2023-03-05,West,Desk Lamp,Furniture,2,35,70
1601,2023-02-01,West,Pen,Stationery,1,2,2
1602,2023-01-20,North,Laptop,Electronics,4,800,3200
1603,2023-02-05,West,Tablet,Electronics,4,300,1200
1604,2023-03-15,West,Pen,Stationery,2,2,4
1605,2023-08-26,West,Desk Chair,Furniture,3,120,360
1606,2023-05-06,South,Smartphone,Electronics,3,600,1800
1607,2023-04-03,East,Laptop,Electronics,3,800,2400
1608,2023-10-03,South,Desk Lamp,Furniture,4,35,140
1609,2023-05-17,East,Monitor,Electronics,4,150,600
1610,2023-03-30,North,Desk Lamp,Furniture,4,35,140
1611,2023-12-24,West,Notebook,Stationery,1,5,5
1612,2023-05-21,West,Laptop,Electronics,2,800,1600
1613,2023-12-22,North,Tablet,Electronics,4,300,1200
1614,2023-02-03,East,Desk Chair,Furniture,2,120,240
1615,2023-02-01,South,Keyboard,Accessories,2,40,80
1616,2023-09-05,North,Pen,Stationery,3,2,6
1617,2023-12-29,West,Mouse,Accessories,1,25,25
1618,2023-08-12,North,Tablet,Electronics,4,300,1200
1619,2023-02-21,South,Monitor,Electronics,3,150,450
1620,2023-03-25,North,Desk Lamp,Furniture,3,35,105
1621,2023-07-31,South,Tablet,Electronics,4,300,1200
1622,2023-01-29,West,Laptop,Electronics,2,800,1600
1623,2023-10-20,West,Laptop,Electronics,3,800,2400
1624,2023-08-12,West,Tablet,Electronics,2,300,600
1625,2023-04-11,West,Tablet,Electronics,1,300,300
1626,2023-07-17,West,Smartphone,Electronics,2,600,1200
1627,2023-02-20,South,Smartphone,Electronics,1,600,600
1628,2023-06-15,North,Desk Chair,Furniture,2,120,240
1629,2023-10-04,East,Desk Chair,Furniture,3,120,360
1630,2023-02-20,South,Keyboard,Accessories,3,40,120
1631,2023-08-05,South,Smartphone,Electronics,1,600,600
1632,2023-05-24,South,Notebook,Stationery,4,5,20
1633,2023-11-15,North,Keyboard,Accessories,1,40,40
1634,2023-12-05,East,Smartphone,Electronics,1,600,600
1635,2023-05-23,East,Notebook,Stationery,2,5,10
1636,2023-07-03,South,Tablet,Electronics,2,300,600
1637,2023-08-13,North,Desk Chair,Furniture,1,120,120
1638,2023-05-21,South,Desk Lamp,Furniture,3,35,105
1639,2023-07-17,West,Mouse,Accessories,2,25,50
1640,2023-06-27,North,Desk Lamp,Furniture,4,35,140
1641,2023-07-17,West,Notebook,Stationery,2,5,10
1642,2023-12-21,West,Desk Lamp,Furniture,2,35,70
1643,2023-12-28,West,Tablet,Electronics,4,300,1200
1644,2023-08-05,East,Mouse,Accessories,1,25,25
1645,2023-07-16,South,Smartphone,Electronics,4,600,2400
1646,2023-12-24,North,Mouse,Accessories,1,25,25
1647,2023-11-21,West,Notebook,Stationery,1,5,5
1648,2023-07-01,South,Smartphone,Electronics,1,600,600
1649,2023-04-04,South,Desk Lamp,Furniture,4,35,140
1650,2023-06-28,South,Notebook,Stationery,1,5,5
1651,2023-07-21,East,Desk Chair,Furniture,3,120,360
1652,2023-03-28,West,Notebook,Stationery,4,5,20
1653,2023-04-20,East,Pen,Stationery,3,2,6
1654,2023-07-14,West,Desk Chair,Furniture,1,120,120
1655,2023-06-30,East,Desk Chair,Furniture,2,120,240
1656,2023-05-20,West,Tablet,Electronics,1,300,300
1657,2023-03-20,North,Notebook,Stationery,3,5,15
1658,2023-02-04,South,Desk Chair,Furniture,3,120,360
1659,2023-01-26,North,Pen,Stationery,4,2,8
1660,2023-11-20,East,Desk Chair,Furniture,2,120,240
1661,2023-04-12,South,Desk Lamp,Furniture,4,35,140
1662,2023-04-02,North,Smartphone,Electronics,3,600,1800
1663,2023-10-20,South,Pen,Stationery,1,2,2
1664,2023-03-25,North,Desk Lamp,Furniture,2,35,70
1665,2023-06-25,West,Mouse,Accessories,1,25,25
1666,2023-08-26,West,Pen,Stationery,1,2,2
1667,2023-09-08,West,Tablet,Electronics,2,300,600
1668,2023-05-06,South,Smartphone,Electronics,4,600,2400
1669,2023-12-02,North,Smartphone,Electronics,1,600,600
1670,2023-10-24,South,Desk Lamp,Furniture,3,35,105
1671,2023-02-24,South,Mouse,Accessories,1,25,25
1672,2023-07-28,West,Mouse,Accessories,2,25,50
1673,2023-03-24,West,Desk Lamp,Furniture,2,35,70
1674,2023-07-30,South,Monitor,Electronics,2,150,300
1675,2023-06-12,East,Tablet,Electronics,4,300,1200
1676,2023-03-01,North,Notebook,Stationery,1,5,5
1677,2023-12-03,East,Smartphone,Electronics,4,600,2400
1678,2023-08-24,East,Pen,Stationery,4,2,8
1679,2023-09-28,South,Mouse,Accessories,2,25,50
1680,2023-03-02,East,Notebook,Stationery,2,5,10
1681,2023-01-21,West,Pen,Stationery,4,2,8
1682,2023-08-19,North,Notebook,Stationery,1,5,5
1683,2023-07-11,West,Notebook,Stationery,3,5,15
1684,2023-03-16,North,Keyboard,Accessories,4,40,160
1685,2023-10-19,South,Pen,Stationery,1,2,2
1686,2023-06-01,North,Mouse,Accessories,2,25,50
1687,2023-09-05,West,Monitor,Electronics,2,150,300
1688,2023-06-01,West,Notebook,Stationery,1,5,5
1689,2023-03-17,East,Smartphone,Electronics,3,600,1800
1690,2023-03-30,South,Desk Chair,Furniture,2,120,240
1691,2023-01-14,East,Smartphone,Electronics,2,600,1200
1692,2023-10-26,West,Tablet,Electronics,2,300,600
1693,2023-08-06,North,Tablet,Electronics,1,300,300
1694,2023-07-28,South,Keyboard,Accessories,4,40,160
1695,2023-02-21,South,Keyboard,Accessories,2,40,80
1696,2023-02-02,North,Pen,Stationery,4,2,8
1697,2023-09-09,South,Keyboard,Accessories,3,40,120
1698,2023-08-02,East,Tablet,Electronics,2,300,600
1699,2023-09-14,East,Notebook,Stationery,2,5,10
1700,2023-09-11,North,Mouse,Accessories,3,25,75
1701,2023-04-01,North,Smartphone,Electronics,2,600,1200
1702,2023-01-08,West,Monitor,Electronics,4,150,600
1703,2023-01-10,North,Monitor,Electronics,1,150,150
1704,2023-08-15,South,Tablet,Electronics,4,300,1200
1705,2023-12-04,North,Desk Chair,Furniture,1,120,120
1706,2023-07-25,North,Laptop,Electronics,1,800,800
1707,2023-06-06,East,Mouse,Accessories,4,25,100
1708,2023-09-28,West,Desk Lamp,Furniture,4,35,140
1709,2023-09-24,East,Tablet,Electronics,4,300,1200
1710,2023-04-01,East,Monitor,Electronics,4,150,600
1711,2023-12-27,South,Laptop,Electronics,3,800,2400
1712,2023-03-08,East,Desk Lamp,Furniture,2,35,70
1713,2023-08-01,West,Smartphone,Electronics,1,600,600
1714,2023-01-08,West,Keyboard,Accessories,4,40,160
1715,2023-07-04,West,Mouse,Accessories,4,25,100
1716,2023-08-07,North,Desk Chair,Furniture,4,120,480
1717,2023-01-21,West,Smartphone,Electronics,3,600,1800
1718,2023-06-17,East,Mouse,Accessories,4,25,100
1719,2023-06-29,South,Desk Chair,Furniture,4,120,480
1720,2023-12-27,West,Desk Chair,Furniture,4,120,480
1721,2023-06-19,West,Pen,Stationery,2,2,4
1722,2023-04-13,South,Mouse,Accessories,3,25,75
1723,2023-05-20,South,Mouse,Accessories,4,25,100
1724,2023-10-18,South,Monitor,Electronics,1,150,150
1725,2023-01-30,North,Laptop,Electronics,1,800,800
1726,2023-12-07,East,Mouse,Accessories,1,25,25
1727,2023-02-08,East,Desk Lamp,Furniture,3,35,105
1728,2023-05-04,West,Smartphone,Electronics,3,600,1800
1729,2023-10-08,West,Desk Lamp,Furniture,1,35,35
1730,2023-01-24,North,Monitor,Electronics,4,150,600
1731,2023-12-01,South,Notebook,Stationery,3,5,15
1732,2023-05-24,West,Smartphone,Electronics,1,600,600
1733,2023-09-06,West,Desk Lamp,Furniture,1,35,35
1734,2023-10-07,West,Smartphone,Electronics,4,600,2400
1735,2023-07-26,West,Smartphone,Electronics,2,600,1200
1736,2023-08-22,East,Laptop,Electronics,3,800,2400
1737,2023-08-30,South,Desk Lamp,Furniture,4,35,140
1738,2023-08-17,West,Laptop,Electronics,1,800,800
1739,2023-06-08,North,Desk Chair,Furniture,1,120,120
1740,2023-01-22,South,Mouse,Accessories,4,25,100
1741,2023-08-16,East,Monitor,Electronics,3,150,450
1742,2023-03-23,South,Monitor,Electronics,2,150,300
1743,2023-04-10,West,Desk Chair,Furniture,2,120,240
1744,2023-04-01,West,Notebook,Stationery,1,5,5
1745,2023-02-19,South,Keyboard,Accessories,3,40,120
1746,2023-08-12,North,Desk Chair,Furniture,2,120,240
1747,2023-01-03,North,Desk Chair,Furniture,3,120,360
1748,2023-11-28,South,Smartphone,Electronics,3,600,1800
1749,2023-03-05,West,Laptop,Electronics,1,800,800
1750,2023-12-23,South,Monitor,Electronics,2,150,300
1751,2023-08-22,South,Smartphone,Electronics,4,600,2400
1752,2023-08-15,South,Tablet,Electronics,1,300,300
1753,2023-10-09,East,Notebook,Stationery,2,5,10
1754,2023-06-17,North,Tablet,Electronics,2,300,600
1755,2023-12-22,East,Monitor,Electronics,2,150,300
1756,2023-06-25,North,Mouse,Accessories,2,25,50
1757,2023-07-22,West,Keyboard,Accessories,2,40,80
1758,2023-01-16,South,Tablet,Electronics,3,300,900
1759,2023-07-31,East,Notebook,Stationery,1,5,5
1760,2023-03-17,North,Smartphone,Electronics,3,600,1800
1761,2023-11-28,East,Keyboard,Accessories,4,40,160
1762,2023-09-20,West,Mouse,Accessories,2,25,50
1763,2023-11-29,North,Notebook,Stationery,1,5,5
1764,2023-11-26,East,Tablet,Electronics,2,300,600
1765,2023-11-06,East,Notebook,Stationery,1,5,5
1766,2023-09-03,West,Desk Chair,Furniture,3,120,360
1767,2023-10-11,North,Desk Lamp,Furniture,1,35,35
1768,2023-03-15,East,Smartphone,Electronics,4,600,2400
1769,2023-12-17,West,Keyboard,Accessories,4,40,160
1770,2023-04-20,South,Pen,Stationery,1,2,2
1771,2023-02-05,South,Tablet,Electronics,1,300,300
1772,2023-11-15,South,Mouse,Accessories,1,25,25
1773,2023-05-21,East,Laptop,Electronics,1,800,800
1774,2023-12-30,East,Laptop,Electronics,4,800,3200
1775,2023-03-06,West,Monitor,Electronics,2,150,300
1776,2023-08-17,South,Desk Chair,Furniture,1,120,120
1777,2023-07-15,East,Notebook,Stationery,1,5,5
1778,2023-05-04,North,Pen,Stationery,4,2,8
1779,2023-03-06,East,Desk Lamp,Furniture,4,35,140
1780,2023-12-10,North,Monitor,Electronics,3,150,450
1781,2023-11-06,West,Mouse,Accessories,1,25,25
1782,2023-07-20,West,Tablet,Electronics,3,300,900
1783,2023-01-16,North,Keyboard,Accessories,4,40,160
1784,2023-08-28,East,Keyboard,Accessories,4,40,160
1785,2023-07-30,East,Tablet,Electronics,2,300,600
1786,2023-08-14,South,Desk Chair,Furniture,1,120,120
1787,2023-06-15,South,Pen,Stationery,3,2,6
1788,2023-03-30,North,Notebook,Stationery,4,5,20
1789,2023-06-10,South,Laptop,Electronics,4,800,3200
1790,2023-07-25,North,Monitor,Electronics,3,150,450
1791,2023-12-08,South,Desk Chair,Furniture,2,120,240
1792,2023-07-07,South,Mouse,Accessories,4,25,100
1793,2023-01-23,South,Pen,Stationery,1,2,2
1794,2023-02-24,East,Notebook,Stationery,4,5,20
1795,2023-06-25,North,Monitor,Electronics,1,150,150
1796,2023-10-17,South,Desk Lamp,Furniture,3,35,105
1797,2023-03-24,North,Monitor,Electronics,1,150,150
1798,2023-07-11,East,Pen,Stationery,3,2,6
1799,2023-07-27,West,Desk Lamp,Furniture,1,35,35
1800,2023-04-18,East,Pen,Stationery,3,2,6
1801,2023-01-29,East,Monitor,Electronics,1,150,150
1802,2023-01-31,East,Mouse,Accessories,2,25,50
1803,2023-08-20,North,Notebook,Stationery,1,5,5
1804,2023-03-04,West,Monitor,Electronics,1,150,150
1805,2023-08-09,South,Desk Lamp,Furniture,2,35,70
1806,2023-11-07,East,Notebook,Stationery,4,5,20
1807,2023-12-18,South,Laptop,Electronics,4,800,3200
1808,2023-12-22,West,Pen,Stationery,1,2,2
1809,2023-11-25,West,Smartphone,Electronics,2,600,1200
1810,2023-09-17,North,Monitor,Electronics,1,150,150
1811,2023-10-28,West,Desk Chair,Furniture,3,120,360
1812,2023-06-10,East,Smartphone,Electronics,3,600,1800
1813,2023-11-22,North,Pen,Stationery,1,2,2
1814,2023-06-29,East,Desk Chair,Furniture,4,120,480
1815,2023-08-15,East,Keyboard,Accessories,4,40,160
1816,2023-03-14,South,Keyboard,Accessories,1,40,40
1817,2023-04-07,North,Desk Chair,Furniture,1,120,120
1818,2023-07-10,West,Smartphone,Electronics,3,600,1800
1819,2023-04-28,West,Mouse,Accessories,4,25,100
1820,2023-06-18,West,Notebook,Stationery,1,5,5
1821,2023-09-19,South,Pen,Stationery,3,2,6
1822,2023-06-04,West,Pen,Stationery,4,2,8
1823,2023-03-23,South,Desk Lamp,Furniture,2,35,70
1824,2023-01-07,West,Pen,Stationery,3,2,6
1825,2023-01-09,North,Monitor,Electronics,4,150,600
1826,2023-07-30,North,Laptop,Electronics,4,800,3200
1827,2023-10-28,East,Pen,Stationery,3,2,6
1828,2023-02-27,South,Notebook,Stationery,2,5,10
1829,2023-12-13,South,Desk Chair,Furniture,3,120,360
1830,2023-03-06,West,Tablet,Electronics,4,300,1200
1831,2023-10-04,South,Mouse,Accessories,1,25,25
1832,2023-07-01,West,Mouse,Accessories,1,25,25
1833,2023-12-09,South,Monitor,Electronics,3,150,450
1834,2023-04-08,West,Smartphone,Electronics,4,600,2400
1835,2023-01-13,West,Desk Lamp,Furniture,1,35,35
1836,2023-09-22,North,Monitor,Electronics,4,150,600
1837,2023-10-19,West,Laptop,Electronics,3,800,2400
1838,2023-03-15,South,Smartphone,Electronics,1,600,600
1839,2023-05-31,West,Smartphone,Electronics,4,600,2400
1840,2023-12-25,West,Tablet,Electronics,1,300,300
1841,2023-12-24,North,Monitor,Electronics,3,150,450
1842,2023-07-02,East,Smartphone,Electronics,4,600,2400
1843,2023-11-21,West,Keyboard,Accessories,1,40,40
1844,2023-09-26,North,Tablet,Electronics,3,300,900
1845,2023-10-14,South,Monitor,Electronics,1,150,150
1846,2023-06-01,East,Keyboard,Accessories,1,40,40
1847,2023-05-24,South,Desk Chair,Furniture,2,120,240
1848,2023-06-24,North,Tablet,Electronics,2,300,600
1849,2023-07-30,South,Notebook,Stationery,3,5,15
1850,2023-04-05,East,Pen,Stationery,2,2,4
1851,2023-08-19,South,Monitor,Electronics,3,150,450
1852,2023-11-25,South,Tablet,Electronics,2,300,600
1853,2023-12-01,West,Smartphone,Electronics,1,600,600
1854,2023-03-21,East,Mouse,Accessories,3,25,75
1855,2023-07-09,South,Notebook,Stationery,3,5,15
1856,2023-03-06,West,Notebook,Stationery,1,5,5
1857,2023-07-04,West,Laptop,Electronics,3,800,2400
1858,2023-07-22,North,Laptop,Electronics,3,800,2400
1859,2023-01-02,South,Notebook,Stationery,2,5,10
1860,2023-01-15,West,Notebook,Stationery,3,5,15
1861,2023-12-01,East,Laptop,Electronics,4,800,3200
1862,2023-10-22,West,Monitor,Electronics,1,150,150
1863,2023-01-08,South,Desk Chair,Furniture,2,120,240
1864,2023-05-25,North,Keyboard,Accessories,2,40,80
1865,2023-04-24,South,Smartphone,Electronics,4,600,2400
1866,2023-04-10,North,Notebook,Stationery,1,5,5
1867,2023-07-13,West,Desk Lamp,Furniture,1,35,35
1868,2023-06-02,East,Laptop,Electronics,2,800,1600
1869,2023-01-11,South,Laptop,Electronics,3,800,2400
1870,2023-05-26,North,Tablet,Electronics,2,300,600
1871,2023-04-01,East,Notebook,Stationery,1,5,5
1872,2023-12-23,North,Notebook,Stationery,4,5,20
1873,2023-05-12,North,Pen,Stationery,2,2,4
1874,2023-03-22,South,Laptop,Electronics,1,800,800
1875,2023-06-25,West,Monitor,Electronics,2,150,300
1876,2023-07-18,South,Pen,Stationery,3,2,6
1877,2023-02-03,North,Pen,Stationery,2,2,4
1878,2023-04-30,East,Desk Chair,Furniture,2,120,240
1879,2023-07-05,West,Tablet,Electronics,1,300,300
1880,2023-04-02,West,Smartphone,Electronics,1,600,600
1881,2023-04-01,North,Smartphone,Electronics,1,600,600
1882,2023-10-10,East,Pen,Stationery,2,2,4
1883,2023-08-27,North,Notebook,Stationery,3,5,15
1884,2023-01-28,South,Tablet,Electronics,4,300,1200
1885,2023-01-28,West,Mouse,Accessories,4,25,100
1886,2023-12-03,East,Desk Chair,Furniture,1,120,120
1887,2023-08-25,North,Desk Chair,Furniture,1,120,120
1888,2023-10-22,West,Pen,Stationery,2,2,4
1889,2023-11-17,West,Mouse,Accessories,4,25,100
1890,2023-04-28,West,Keyboard,Accessories,1,40,40
1891,2023-10-05,West,Notebook,Stationery,3,5,15
1892,2023-04-08,West,Tablet,Electronics,3,300,900
1893,2023-01-15,East,Laptop,Electronics,1,800,800
1894,2023-08-18,East,Laptop,Electronics,1,800,800
1895,2023-10-22,West,Notebook,Stationery,4,5,20
1896,2023-07-09,East,Mouse,Accessories,4,25,100
1897,2023-06-16,East,Desk Lamp,Furniture,2,35,70
1898,2023-09-18,West,Tablet,Electronics,4,300,1200
1899,2023-07-13,West,Tablet,Electronics,3,300,900
1900,2023-10-21,North,Tablet,Electronics,3,300,900
1901,2023-06-15,West,Laptop,Electronics,1,800,800
1902,2023-07-24,South,Keyboard,Accessories,4,40,160
1903,2023-06-10,South,Pen,Stationery,2,2,4
1904,2023-01-25,North,Smartphone,Electronics,3,600,1800
1905,2023-06-10,South,Monitor,Electronics,3,150,450
1906,2023-10-29,South,Notebook,Stationery,2,5,10
1907,2023-10-24,North,Desk Chair,Furniture,2,120,240
1908,2023-10-10,West,Desk Lamp,Furniture,3,35,105
1909,2023-08-08,West,Desk Lamp,Furniture,3,35,105
1910,2023-11-19,South,Tablet,Electronics,2,300,600
1911,2023-03-23,North,Notebook,Stationery,3,5,15
1912,2023-04-26,East,Keyboard,Accessories,1,40,40
1913,2023-02-16,West,Laptop,Electronics,1,800,800
1914,2023-03-22,East,Smartphone,Electronics,2,600,1200
1915,2023-01-07,East,Smartphone,Electronics,4,600,2400
1916,2023-12-20,West,Keyboard,Accessories,2,40,80
1917,2023-01-17,West,Laptop,Electronics,2,800,1600
1918,2023-12-05,South,Keyboard,Accessories,4,40,160
1919,2023-12-14,West,Desk Lamp,Furniture,4,35,140
1920,2023-01-12,West,Notebook,Stationery,4,5,20
1921,2023-04-07,East,Laptop,Electronics,1,800,800
1922,2023-01-15,East,Pen,Stationery,3,2,6
1923,2023-09-25,West,Monitor,Electronics,1,150,150
1924,2023-10-05,West,Smartphone,Electronics,3,600,1800
1925,2023-07-31,South,Smartphone,Electronics,1,600,600
1926,2023-09-01,West,Pen,Stationery,3,2,6
1927,2023-06-30,East,Mouse,Accessories,1,25,25
1928,2023-08-03,West,Keyboard,Accessories,4,40,160
1929,2023-02-14,East,Tablet,Electronics,2,300,600
1930,2023-08-27,West,Laptop,Electronics,1,800,800
1931,2023-07-05,North,Smartphone,Electronics,3,600,1800
1932,2023-02-01,East,Tablet,Electronics,4,300,1200
1933,2023-05-24,East,Laptop,Electronics,1,800,800
1934,2023-02-15,South,Desk Chair,Furniture,1,120,120
1935,2023-11-10,North,Keyboard,Accessories,4,40,160
1936,2023-01-28,East,Notebook,Stationery,1,5,5
1937,2023-06-07,North,Tablet,Electronics,2,300,600
1938,2023-05-06,West,Laptop,Electronics,1,800,800
1939,2023-06-15,South,Pen,Stationery,2,2,4
1940,2023-11-02,North,Laptop,Electronics,2,800,1600
1941,2023-02-14,North,Laptop,Electronics,4,800,3200
1942,2023-01-16,East,Monitor,Electronics,1,150,150
1943,2023-01-27,West,Tablet,Electronics,4,300,1200
1944,2023-03-24,North,Notebook,Stationery,1,5,5
1945,2023-09-19,South,Smartphone,Electronics,1,600,600
1946,2023-02-27,East,Notebook,Stationery,3,5,15
1947,2023-09-21,South,Monitor,Electronics,1,150,150
1948,2023-10-19,South,Notebook,Stationery,4,5,20
1949,2023-08-15,East,Pen,Stationery,2,2,4
1950,2023-07-29,South,Monitor,Electronics,1,150,150
1951,2023-04-29,West,Keyboard,Accessories,3,40,120
1952,2023-01-13,East,Desk Chair,Furniture,4,120,480
1953,2023-03-16,East,Desk Lamp,Furniture,1,35,35
1954,2023-08-03,South,Monitor,Electronics,4,150,600
1955,2023-03-12,North,Tablet,Electronics,3,300,900
1956,2023-06-12,North,Monitor,Electronics,3,150,450
1957,2023-06-06,South,Mouse,Accessories,4,25,100
1958,2023-08-10,West,Keyboard,Accessories,1,40,40
1959,2023-06-10,West,Keyboard,Accessories,2,40,80
1960,2023-10-18,South,Notebook,Stationery,3,5,15
1961,2023-02-10,North,Laptop,Electronics,1,800,800
1962,2023-11-05,East,Tablet,Electronics,1,300,300
1963,2023-09-15,South,Monitor,Electronics,2,150,300
1964,2023-07-26,West,Tablet,Electronics,3,300,900
1965,2023-05-04,West,Desk Lamp,Furniture,3,35,105
1966,2023-01-27,North,Monitor,Electronics,1,150,150
1967,2023-03-21,North,Smartphone,Electronics,1,600,600
1968,2023-12-27,South,Tablet,Electronics,2,300,600
1969,2023-11-20,West,Monitor,Electronics,2,150,300
1970,2023-01-19,East,Notebook,Stationery,3,5,15
1971,2023-08-05,North,Notebook,Stationery,4,5,20
1972,2023-10-26,East,Smartphone,Electronics,3,600,1800
1973,2023-07-11,South,Laptop,Electronics,1,800,800
1974,2023-04-30,East,Laptop,Electronics,3,800,2400
1975,2023-11-14,South,Desk Lamp,Furniture,4,35,140
1976,2023-03-20,North,Desk Chair,Furniture,2,120,240
1977,2023-08-03,East,Mouse,Accessories,4,25,100
1978,2023-05-08,South,Pen,Stationery,4,2,8
1979,2023-12-12,West,Keyboard,Accessories,4,40,160
1980,2023-11-04,South,Smartphone,Electronics,2,600,1200
1981,2023-03-11,West,Desk Lamp,Furniture,4,35,140
1982,2023-02-12,East,Keyboard,Accessories,4,40,160
1983,2023-04-17,South,Smartphone,Electronics,4,600,2400
1984,2023-10-25,East,Smartphone,Electronics,1,600,600
1985,2023-10-26,South,Tablet,Electronics,4,300,1200
1986,2023-05-16,West,Smartphone,Electronics,2,600,1200
1987,2023-10-05,North,Pen,Stationery,4,2,8
1988,2023-08-11,North,Keyboard,Accessories,4,40,160
1989,2023-04-03,West,Tablet,Electronics,2,300,600
1990,2023-05-22,West,Desk Lamp,Furniture,4,35,140
1991,2023-06-15,West,Pen,Stationery,2,2,4
1992,2023-05-11,North,Laptop,Electronics,4,800,3200
1993,2023-11-26,North,Notebook,Stationery,2,5,10
1994,2023-03-01,North,Smartphone,Electronics,4,600,2400
1995,2023-02-07,East,Keyboard,Accessories,4,40,160
1996,2023-12-25,South,Monitor,Electronics,1,150,150
1997,2023-10-03,West,Smartphone,Electronics,1,600,600
1998,2023-04-02,East,Smartphone,Electronics,4,600,2400
1999,2023-05-02,West,Keyboard,Accessories,4,40,160
2000,2023-08-08,West,Desk Lamp,Furniture,3,35,105
